Ticker,Extraction_Date,About_&_Key_Points,Top_Level_Metrics,Pros_and_Cons_Summary,Quarterly_Results,Profit_Loss,Balance_Sheet,Cash_Flow,Detailed_Ratios,Four_CAGR_Boxes,Peers,Shareholding_Pattern
EASTWEST,2026-08-19,"About
Incorporated in 1981, East West Freight Carriers Ltd is engaged in providing total logistic solutions
[1]
Key Points
Business Overview:
[1]
[2]
EWFCL is a Mumbai-based logistics company offering a wide spectrum of freight and supply chain solutions.
Its services include air and ocean freight transportation, third-party logistics, Non-
Vessel Operating Common Carrier (NVOCC) operations, warehousing, customs clearance,
and other value-added services. They specialize in handling Dangerous Goods Regulation (DGR) Cargo, for which they hold an official license under the Danger Goods Regulation Act. The company provides end-to-end logistics solutions across air, ocean, and road transport. It offers tailored freight forwarding services for both exports and imports, covering Full Container Load (FCL) and Less than Container Load (LCL) requirements. The company also manages complex project cargo—large, heavy, high-value, or specialized equipment requiring customized handling and international coordination
Read More","Market Cap: ₹ 29.6 Cr.
Current Price: ₹ 2.32
High / Low: ₹ 5.79 / 1.85
Book Value: ₹ 4.92
Dividend Yield: 0.00 %
ROCE: 2.50 %
ROE: -6.13 %
Face Value: ₹ 2.00","PROS:
- Stock is trading at 0.47 times its book value

CONS:
- Company has low interest coverage ratio.
- The company has delivered a poor sales growth of 4.56% over past five years.
- Company has a low return on equity of -1.20% over last 3 years.
- Earnings include an other income of Rs.2.91 Cr.","Unnamed: 0,Jun 2023,Sep 2023,Dec 2023,Mar 2024,Jun 2024,Sep 2024,Dec 2024,Mar 2025,Jun 2025,Sep 2025,Dec 2025,Mar 2026,Jun 2026
Sales +,54.87,43.43,42.04,68.08,92.73,68.21,65.48,58.93,56.56,55.17,45.59,44.31,45.56
Expenses +,51.96,40.49,39.02,64.52,88.60,65.65,62.81,57.49,53.91,55.42,46.63,43.77,42.29
Operating Profit,2.91,2.94,3.02,3.56,4.13,2.56,2.67,1.44,2.65,-0.25,-1.04,0.54,3.27
OPM %,5.30%,6.77%,7.18%,5.23%,4.45%,3.75%,4.08%,2.44%,4.69%,-0.45%,-2.28%,1.22%,7.18%
Other Income +,0.04,0.26,0.36,8.40,0.06,0.18,0.16,0.93,0.13,0.17,0.07,2.67,0.00
Interest,2.47,2.56,2.54,3.33,2.67,1.87,1.93,1.57,2.58,1.80,1.75,1.84,2.37
Depreciation,0.37,0.36,0.39,0.84,0.39,0.54,0.54,0.29,0.45,0.39,0.43,0.21,0.44
Profit before tax,0.11,0.28,0.45,7.79,1.13,0.33,0.36,0.51,-0.25,-2.27,-3.15,1.16,0.46
Tax %,63.64%,67.86%,31.11%,19.26%,38.94%,72.73%,13.89%,15.69%,-4.00%,-27.31%,-25.40%,54.31%,36.96%
Net Profit +,0.03,0.09,0.31,6.29,0.70,0.09,0.31,0.43,-0.25,-1.65,-2.36,0.52,0.29
EPS in Rs,-0.00,0.01,0.02,0.47,0.05,-0.02,0.05,0.03,-0.03,-0.13,-0.18,0.03,0.02
Raw PDF,,,,,,,,,,,,,","Unnamed: 0,Mar 2017,Mar 2018,Mar 2019,Mar 2020,Mar 2021,Mar 2022,Mar 2023,Mar 2024,Mar 2025,Mar 2026,TTM
Sales +,4,214,237,197,161,230,250,208,285,202,191
Expenses +,3,204,223,188,153,218,242,196,274,200,188
Operating Profit,0,10,14,9,9,11,8,13,11,2,3
OPM %,6%,4.5%,6%,4.5%,5%,5.0%,3.2%,6%,3.9%,0.9%,1.3%
Other Income +,0,1,1,1,1,1,1,9,1,3,3
Interest,0,5,6,6,7,7,8,11,8,8,8
Depreciation,0,1,1,1,2,1,2,2,2,1,1
Profit before tax,0,4,8,2,1,4,-1,9,2,-5,-4
Tax %,30%,9%,29%,44%,125%,32%,34%,22%,35%,-17%,
Net Profit +,0,4,5,1,-0,3,-1,7,2,-4,-3
EPS in Rs,0.06,0.35,0.49,0.13,-0.01,0.23,-0.09,0.50,0.10,-0.31,-0.26
Dividend Payout %,0%,0%,3%,6%,0%,0%,0%,0%,0%,0%,","Unnamed: 0,Mar 2017,Mar 2018,Mar 2019,Mar 2020,Mar 2021,Mar 2022,Mar 2023,Mar 2024,Mar 2025,Mar 2026
Equity Capital,4,18,18,18,18,24,25,26,26,26
Reserves,1,44,49,45,44,49,38,40,42,37
Borrowings +,0,50,54,63,69,69,87,59,70,72
Other Liabilities +,1,29,23,13,16,10,14,16,15,17
Total Liabilities,5,140,144,139,147,152,164,140,153,152
Fixed Assets +,0,48,48,48,48,47,63,39,40,39
CWIP,0,7,9,9,9,9,2,2,2,2
Investments,0,1,10,6,5,3,2,3,1,1
Other Assets +,5,84,77,76,84,93,97,97,109,111
Total Assets,5,140,144,139,147,152,164,140,153,152","Unnamed: 0,Mar 2017,Mar 2018,Mar 2019,Mar 2020,Mar 2021,Mar 2022,Mar 2023,Mar 2024,Mar 2025,Mar 2026
Cash from Operating Activity +,3,-5,-2,-1,4,-2,4,13,-4,3
Cash from Investing Activity +,0,-9,-5,-3,-2,-7,-21,21,0,2
Cash from Financing Activity +,-3,23,-1,2,-2,13,14,-35,4,-6
Net Cash Flow,0,10,-8,-2,-1,4,-3,-1,-0,-0
Free Cash Flow,3,-8,-4,-3,2,-3,-15,38,-8,3
CFO/OP,""1,540%"",-29%,-7%,-1%,50%,11%,95%,84%,7%,-84%","Unnamed: 0,Mar 2017,Mar 2018,Mar 2019,Mar 2020,Mar 2021,Mar 2022,Mar 2023,Mar 2024,Mar 2025,Mar 2026
Debtor Days,86.0,76,79,94,141,99,96,128,95,147
Inventory Days,0.0,0,0,,,,,,,0
Days Payable,,,,,,,,,,
Cash Conversion Cycle,86.0,76,79,94,141,99,96,128,95,147
Working Capital Days,394.0,25,20,53,76,69,64,85,61,91
ROCE %,,17%,12%,7%,6%,8%,5%,8%,8%,2%","[Compounded Sales Growth]
10 Years:,%
5 Years:,5%
3 Years:,-7%
TTM:,-24%

[Compounded Profit Growth]
10 Years:,%
5 Years:,%
3 Years:,%
TTM:,-1053%

[Stock Price CAGR]
10 Years:,-5%
5 Years:,-21%
3 Years:,-24%
1 Year:,-58%

[Return on Equity]
10 Years:,2%
5 Years:,0%
3 Years:,-1%
Last Year:,-6%",N/A,"Unnamed: 0,Sep 2023,Dec 2023,Mar 2024,Jun 2024,Sep 2024,Dec 2024,Mar 2025,Jun 2025,Sep 2025,Dec 2025,Mar 2026,Jun 2026
Promoters +,61.28%,61.28%,61.28%,60.29%,60.29%,60.29%,60.29%,60.29%,60.29%,60.29%,60.29%,60.29%
FIIs +,6.78%,3.69%,0.06%,0.06%,0.06%,0.06%,0.06%,0.06%,0.06%,0.06%,0.06%,0.00%
Public +,31.94%,35.04%,38.67%,39.65%,39.66%,39.66%,39.66%,39.67%,39.66%,39.65%,39.65%,39.71%
No. of Shareholders,6398,12741,19550,21506,24251,24670,24552,24157,23657,23184,22736,22423"
